﻿<parameters>
  <parameter name="IIS Web Application Name" defaultValue="Default Web Site/NewSSD_deploy" tags="IisApp">
    <parameterEntry kind="ProviderPath" scope="IisApp" match="^C:\\Users\\yarra\\documents\\visual\ studio\ 2010\\Projects\\NewSSD\\NewSSD\\obj\\Debug\\Package\\PackageTmp$" />
    <parameterEntry kind="ProviderPath" scope="setAcl" match="^C:\\Users\\yarra\\documents\\visual\ studio\ 2010\\Projects\\NewSSD\\NewSSD\\obj\\Debug\\Package\\PackageTmp$" />
  </parameter>
  <parameter name="Add write permission to App_Data Folder" description="Add write permission to App_Data folder" defaultValue="{IIS Web Application Name}/App_Data" tags="Hidden">
    <parameterEntry kind="ProviderPath" scope="setAcl" match="^C:\\Users\\yarra\\documents\\visual\ studio\ 2010\\Projects\\NewSSD\\NewSSD\\obj\\Debug\\Package\\PackageTmp\\App_Data$" />
  </parameter>
  <parameter name="ApplicationServices-Web.config Connection String" description="ApplicationServices Connection String used in web.config by the application to access the database." defaultValue="Data Source=.\SQLEXPRESS;AttachDbFilename=C:\Users\yarra\documents\visual studio 2010\Projects\NewSSD\NewSSD\App_Data\NewSSD.mdf;Integrated Security=True;User Instance=True" tags="SqlConnectionString">
    <parameterEntry kind="XmlFile" scope="obj\\Debug\\Package\\PackageTmp\\Web\.config$" match="/configuration/connectionStrings/add[@name='ApplicationServices']/@connectionString" />
  </parameter>
</parameters>